{
    "precision": {
        "eer": 0.09302325581395349,
        "mindcf": NaN
    },
    "confusion_matrix": {
        "eer": [
            [
                4,
                1
            ],
            [
                39,
                162956
            ]
        ],
        "mindcf": [
            [
                0,
                5
            ],
            [
                0,
                162995
            ]
        ]
    },
    "recall": {
        "eer": 0.8,
        "mindcf": 0.0
    },
    "mcc": {
        "eer": 0.27274794053879975,
        "mindcf": NaN
    },
    "fscore": {
        "eer": 0.16666666666666666,
        "mindcf": NaN
    },
    "accuracy": {
        "eer": 0.9997546012269939,
        "mindcf": 0.9999693251533742
    },
    "fp_rate": {
        "eer": 0.00023927114328660388,
        "mindcf": 0.0
    }
}